objectid,objectid_1,zip_code,name,globalid,vi,vi_65_,zip_code_1,f65__population_in_zipcode,total_zip_code_population,whites,american_indian_and_alaska_native,asian_x,black,hispanic_or_latino_x,native_hawaiian_or_other_pacific_islander,not_hispanic_or_latino,number_people_with_bachelor_s_or_higher,median_household_income,nubmer_of_people_in_poverty,number_of_people_employed,number_of_people_per_houshold,f16,vulnerability_index_for_total_zip_code_population,vulnerability_index_for_65__zip_code_population,objectid_1_1,shape_length,shape_area,total_population,vulnerability_index,under_5,5_9,10_14,15_17,_20_,_21_,22_24,25_29,30_34,35_39,40_44,45_49,50_54,55_59,60_61,62_64,65_66,67_69,70_74,75_79,80_84,_85_,male,male_under_5,male_5_9,male_10_14,male_15_17,male_18_19,male_20,male_21,male_22_24,male_25_29,male_30_34,male_35_39,male_40_44,male_45_49,male_50_54,male_55_59,male_60_61,male_62_64,male_65_66,male_67_69,male_70_74,male_75_79,male_80_84,male_85,female,female_under_5,female_5_9,female_10_14,female_15_17,female_18_19,female_20,female_21,female_22_24,female_25_29,female_30_34,female_35_39,female_40_44,female_45_49,female_50_54,female_55_59,female_60_61,female_62_64,female_65_66,female_67_69,female_70_74,female_75_79,female_80_84,female_85,white,white_male,white_female,black_african_american,black_african_american_male,black_african_american_female,american_indian_alaska_native,american_indian_alaska_native_male,american_indian_alaska_native_female,asian_y,asian_male,asian_female,native_hawaiian_pacific_islander,native_hawaiian_pacific_islander_male,native_hawaiian_pacific_islander_female,other_race,other_race_male,other_race_female,two_or_more_races,two_or_more_races_male,two_or_more_races_female,hispanic_or_latino_y,hispanic_or_latino_male,hispanic_or_latino_female,below_100_percent_poverty_level,100_to_149_percent_poverty_level,150_up_poverty_level,employed,median_income,mean_income,posterior_mean
1,1912,33527,Dover,{CB349966-52DA-4750-8E0F-033A32367FE8},2.14659962,1.943118829,33527,2149,16259,9716,486,411,663,6181,6,8485,3219.282,77658.0,3707.052,9609.069,3.057352388115833,,2.1465996202531645,1.9431188286187375,23,344710.1616398528,949258622.4438617,17364,3.993720322,889,963,1464,1001,599,108,494,777,790,1166,1186,1056,829,1554,866,505,721,352,545,739,396,190,9376,500,385,660,638,370,78,312,469,581,619,706,636,382,823,354,248,341,172,306,396,184,124,92,7988,389,578,804,363,229,30,182,308,209,547,480,420,447,731,512,257,380,180,239,343,212,66,82,10250,5455,4795,1179,485,694,152,98,54,297,147,150,9,6,3,2654,1669,985,2823,1516,1307,5528,3230,2298,3504,1359,12491,13670,80464.0,106776.0,3.4927170736348
2,1914,33618,Tampa,{807A5948-A358-40A2-950A-A81510047274},3.495238228,5.392629453,33618,5964,26474,17255,75,946,1771,7510,10,15273,12681.046,79850.0,1879.6539999999998,16599.198,2.2556019425747635,,3.495238227848101,5.39262945271389,28,112024.39943723893,275082016.1991875,27771,6.387330515,1850,1133,1319,944,325,196,321,929,1617,2950,1550,1418,1625,1928,1700,686,1197,403,1075,1972,1118,533,13353,943,577,709,408,164,136,134,551,772,1314,879,797,648,950,808,281,594,225,557,1036,424,236,210,14418,907,556,610,536,161,60,187,378,845,1636,671,621,977,978,892,405,603,178,518,936,694,297,772,19073,9165,9908,1625,671,954,108,87,21,998,456,542,0,0,0,1447,754,693,4520,2220,2300,7095,3346,3749,1743,1949,23599,23146,84788.0,133435.0,6.665751626112121
3,1915,33607,Tampa,{F3426750-B851-435E-B22A-7974B4556F03},3.269871013,3.649338107,33607,4036,24767,10156,86,903,5126,11158,10,7055,8742.751,66404.0,4235.157,16222.385,2.139697624190065,,3.269871012658228,3.649338107168555,36,265909.23596776807,464074325.3282231,25291,5.816930469,803,823,820,349,450,462,257,1486,3125,2687,1568,1770,1581,1882,1877,516,869,388,648,980,686,473,13481,424,415,475,191,187,387,50,680,1611,1631,938,969,1024,1004,1086,401,383,143,419,322,396,70,275,11810,379,408,345,158,263,75,207,806,1514,1056,630,801,557,878,791,115,486,245,229,658,290,403,516,9933,5290,4643,4922,2509,2413,77,35,42,347,191,156,81,22,59,2205,1355,850,7726,4079,3647,10988,6062,4926,3708,2383,18942,22694,69694.0,88345.0,5.267090410462535
4,1917,33548,Lutz,{8900C218-DD84-4303-89ED-E9A2A6FAECC0},1.017651139,1.116682994,33548,1235,7708,5752,15,438,288,1246,2,5409,4408.976,124548.0,377.692,4856.04,2.6280259120354588,,1.0176511392405063,1.116682993645482,55,124913.1635799234,223408256.1089637,8967,2.062410166,546,911,581,479,99,28,27,113,389,433,816,685,697,433,627,470,280,254,251,416,202,127,4424,215,350,399,245,38,19,14,66,214,187,434,444,322,197,363,209,95,80,138,242,65,60,28,4543,331,561,182,234,61,9,13,47,175,246,382,241,375,236,264,261,185,174,113,174,137,67,75,5881,2895,2986,785,359,426,17,17,0,595,321,274,0,0,0,355,127,228,1334,705,629,1524,767,757,422,541,7856,6745,129857.0,197138.0,2.225261917580425
5,1918,33611,Tampa,{21A9FEA5-63A2-451E-8947-B968FD841172},4.502195316,5.128604,33611,5672,34101,24819,89,1490,2123,5339,47,23314,18926.055,82804.0,2523.4739999999997,22404.357,1.9772134284223344,,4.502195316455696,5.128603999965323,39,114438.2750473874,189279152.67914805,36810,8.466300682,1846,1682,1714,1212,110,149,214,1482,4181,3191,2495,2238,2207,2558,2120,1242,1490,720,1399,1756,1192,888,18033,864,879,1035,491,6,24,104,649,1890,1645,1291,1000,1122,1462,1022,668,740,380,733,875,507,389,257,18777,982,803,679,721,104,125,110,833,2291,1546,1204,1238,1085,1096,1098,574,750,340,666,881,685,499,467,26343,12831,13512,2478,1235,1243,27,13,14,1825,810,1015,0,0,0,941,493,448,5196,2651,2545,5271,2593,2678,2558,2455,31448,31080,90910.0,146555.0,8.874318715417449
6,1921,33617,Tampa,{9C0844C2-2BBB-41E6-AFC0-5D4E9BE7D444},6.372465949,5.989399312,33617,6624,48267,19790,198,2060,16700,10323,63,17343,14045.696999999998,48651.0,10618.74,29298.069,2.412867426514697,,6.372465949367088,5.989399311666132,8,100377.60910553961,272926411.8752478,47851,11.00573089,3060,2842,2145,1690,1924,773,714,2669,4695,4942,3089,2878,2646,2165,2158,1089,1457,1020,1760,1846,1041,610,24034,1792,1461,1091,851,816,347,409,1780,2088,2574,1834,1391,1161,934,1265,401,744,519,920,797,565,118,176,23817,1268,1381,1054,839,1108,426,305,889,2607,2368,1255,1487,1485,1231,893,688,713,501,840,1049,476,492,462,17008,8383,8625,17716,8312,9404,206,121,85,2170,1317,853,6,0,6,2411,1329,1082,8334,4572,3762,10567,5925,4642,9580,5153,31535,39305,50948.0,68373.0,8.964881005445866
7,1922,33624,Tampa,{7A8B677B-C958-42E2-B0EC-4239CDE4339D},5.139613544,5.606019887,33624,6200,38929,21240,102,1827,3119,14694,22,17782,16272.322,81039.0,3114.32,25887.785,2.53824085544761,,5.139613544303797,5.6060198871271165,29,111429.44866633293,258891503.6832394,41346,9.509580766,3068,2395,2354,1294,818,405,491,1145,2549,3272,3367,2838,2716,3158,2164,1352,1414,927,1203,1905,967,886,19298,1422,1007,1292,542,453,220,98,360,1142,1430,1814,1465,1585,1473,1063,665,646,230,606,774,385,406,220,22048,1646,1388,1062,752,365,185,393,785,1407,1842,1553,1373,1131,1685,1101,687,768,697,597,1131,582,480,438,21946,10430,11516,3312,1466,1846,398,212,186,1487,604,883,0,0,0,3894,1769,2125,10309,4817,5492,16430,7419,9011,3426,3274,34232,33117,87760.0,108831.0,9.634231817717675
8,1925,33604,Tampa,{6B50180D-F361-4D32-A7B2-05D494E1F7A1},5.158361139,4.865482744,33604,5381,39071,15634,201,931,9631,15237,21,12203,10275.673,55988.0,8087.696999999999,24849.156,2517.29914309645,,5.158361139240506,4.865482743972743,35,105649.14671102053,216370370.53358448,40055,9.212650742,2762,2370,2611,1071,729,485,319,1341,3835,3531,3258,2798,2713,2375,1924,827,1496,1133,1065,1757,1015,358,19812,1771,1144,1412,478,356,160,150,447,1822,2023,1529,1004,1375,1219,926,466,874,489,566,973,470,77,81,20243,991,1226,1199,593,373,325,169,894,2013,1508,1729,1794,1338,1156,998,361,622,644,499,784,545,281,201,16145,7652,8493,9357,4842,4515,296,130,166,755,315,440,79,79,0,3286,1634,1652,10137,5160,4977,14722,7501,7221,8355,4955,26612,32006,58766.0,91957.0,7.618412685176377
9,1926,33598,Wimauma,{EC4BE9EF-32A0-4005-A0E9-E4FD4A7EC1DC},3.244126076,4.72714064,33598,5228,24572,11684,429,507,3495,10383,22,9502,7003.0199999999995,91649.0,3440.0800000000004,13440.884000000002,2.646133965108766,,3.2441260759493673,4.727140640306543,13,92098.7811524308,434757905.8591234,32820,7.548600608,2193,3109,3057,1173,479,188,228,1353,2265,2682,3075,1975,1230,1617,1416,471,1007,499,1277,1582,1313,313,16324,1344,1100,1747,605,223,73,215,833,1251,1498,1116,1182,662,961,657,269,273,170,567,735,441,228,174,16496,849,2009,1310,568,256,115,13,520,1014,1184,1959,793,568,656,759,202,734,329,710,847,872,85,144,15392,7271,8121,5269,2824,2445,414,281,133,907,640,267,0,0,0,5863,2996,2867,4975,2312,2663,12490,6604,5886,4381,2745,25540,24189,97520.0,113992.0,7.149602750630969
10,1927,33634,Tampa,{FDE07EF1-5845-473E-8F26-68F92EE67186},2.833923418,2.540792884,33634,2810,21465,8187,89,1075,1914,12448,10,5438,5988.735000000001,69185.0,1996.245,14510.34,2.8058823529411763,,2.833923417721519,2.5407928843269674,33,97393.57059707552,227545220.68292466,21862,5.028260405,1299,1136,1163,934,506,212,200,686,1820,1276,1861,1749,1944,1225,1749,392,605,289,429,539,721,577,10997,882,512,722,428,360,131,81,241,838,799,887,899,1134,561,926,118,325,155,190,221,263,183,141,10865,417,624,441,506,146,81,119,445,982,477,974,850,810,664,823,274,280,134,239,318,458,394,409,8498,4348,4150,838,396,442,63,1,62,636,313,323,0,0,0,2291,1089,1202,9536,4850,4686,14095,6806,7289,2277,2432,17121,17979,74291.0,102676.0,4.866447714673562
11,1928,33584,Seffner,{31EE6A0E-1B9B-44AD-A9E7-3341B2D8B731},3.631092278,3.465786166,33584,3833,27503,15808,152,967,4469,6773,9,14169,7095.774,68330.0,4345.474,15484.188999999998,2.729284509278555,,3.6310922784810127,3.465786165702941,24,182960.45757945007,555897014.6509472,28579,6.573170529,1348,1611,1832,1409,551,525,334,813,1799,1456,1909,1733,1630,2770,1899,1048,1068,835,824,1309,860,591,13797,617,672,899,540,362,223,199,433,1128,776,868,910,635,1432,1096,419,543,397,436,551,302,198,161,14782,731,939,933,869,189,302,135,380,671,680,1041,823,995,1338,803,629,525,438,388,758,558,393,264,15681,7716,7965,3832,1494,2338,50,50,0,1555,795,760,18,18,0,2084,1064,1020,5359,2660,2699,7334,3520,3814,3215,1744,23514,23414,72267.0,99858.0,6.589043979190987
12,1929,33563,Plant City,{F657CBC6-CC4C-490C-AC20-0651E72F2AF5},3.610100253,3.111341037,33563,3441,27344,13740,213,279,4120,10756,17,11315,4839.888,56318.0,5250.048,17144.688,2.764812942366026,,3.6101002531645565,3.1113410373555497,22,138930.37337923291,401225235.9691156,25896,5.95608048,1358,1666,1973,1093,740,448,413,1275,1247,1467,2003,2624,1516,1326,1779,290,929,476,1135,853,588,282,13344,758,1118,1314,527,381,291,214,615,660,719,1175,1086,769,770,868,83,427,273,621,291,237,88,59,12552,600,548,659,566,359,157,199,660,587,748,828,1538,747,556,911,207,502,203,514,562,351,194,356,13832,6706,7126,3805,1911,1894,673,496,177,52,30,22,0,0,0,3294,1940,1354,4240,2261,1979,10184,5663,4521,4809,2974,17669,20557,60131.0,73055.0,5.010768835337743
13,1930,33606,Tampa,{29FFF121-8E6A-41D1-8DCE-1AFCE1B8D84A},2.940335823,2.297563957,33606,2541,22271,17172,56,779,1399,2803,8,16369,17081.857,113634.0,1870.7640000000001,13540.768,2.377602220561546,,2.9403358227848098,2.2975639569661293,42,93006.21781589084,92922804.52905262,24570,5.651100455,514,859,1154,500,4082,1230,758,1727,2104,1556,1191,1140,1350,1224,1452,617,605,208,558,673,675,196,11597,276,388,479,192,1786,490,325,927,1146,781,385,639,699,524,552,401,422,114,259,264,335,93,120,12973,238,471,675,308,2296,740,433,800,958,775,806,501,651,700,900,216,183,94,299,409,340,103,77,19616,9354,10262,1048,536,512,11,11,0,673,223,450,15,15,0,379,211,168,2828,1247,1581,2909,1221,1688,1363,715,16964,21993,120729.0,206421.0,4.7884613054080996
14,1932,33612,Tampa,{00649026-1283-42CC-944B-6F3D85D76762},6.528915949,5.294072006,33612,5855,49452,17909,412,1555,14352,18528,61,13786,9099.168,43919.0,14341.079999999998,27643.668,2.5948158253751705,,6.5289159493670885,5.294072006311172,4,102425.06220177503,300525099.61294585,49005,11.27115091,3177,3655,2474,1635,1089,649,947,2239,4140,4229,3762,3115,2438,2593,2773,1256,1828,917,1819,1920,980,691,25108,1705,1687,1276,866,352,366,641,1215,2203,2579,2013,1711,1357,1347,1284,541,1105,440,714,858,418,192,238,23897,1472,1968,1198,769,737,283,306,1024,1937,1650,1749,1404,1081,1246,1489,715,723,477,1105,1062,562,499,441,15578,7477,8101,13697,6936,6761,644,484,160,1110,561,549,15,0,15,3956,2157,1799,14005,7493,6512,19976,10714,9262,14170,5955,28084,39089,47199.0,61733.0,8.02372208236908
15,1933,33565,Plant City,{53346C36-A0D1-49E3-B6FC-B9ED4671EDDB},2.321533165,3.118574611,33565,3449,17584,13523,131,198,282,3828,3,12632,4220.16,67403.0,2778.272,9688.784000000001,2.823831700658423,,2.321533164556962,3.1185746114034556,48,303480.14629876683,2404382207.5928802,18108,4.164840335,849,1117,1243,622,413,260,151,775,738,898,943,1304,1120,1093,1275,626,949,495,653,894,596,532,9158,446,528,844,266,225,103,69,434,329,366,533,775,561,495,652,252,465,266,338,411,256,287,257,8950,403,589,399,356,188,157,82,341,409,532,410,529,559,598,623,374,484,229,315,483,340,245,305,13483,6780,6703,446,157,289,334,164,170,96,83,13,0,0,0,704,422,282,3045,1552,1493,4161,2232,1929,2532,2065,13417,14781,73414.0,103326.0,3.8138519541730305
16,1934,33629,Tampa,{F3737392-14D0-4E76-BCD5-60D2C46C0B54},3.484676203,3.226174025,33629,3568,26394,21331,52,922,387,3406,9,20395,20191.41,158337.0,871.0020000000001,17208.888,2.5221213569039658,,3.484676202531645,3.2261740253660562,38,100921.52537605976,138007762.71871597,27710,6.373300513,1663,2203,2211,1434,357,97,154,555,905,1635,1949,2084,2180,2570,1372,955,1046,510,581,1258,770,725,14059,722,1008,1342,817,254,80,85,186,505,868,819,1039,1162,1121,710,678,482,290,350,563,315,411,252,13651,941,1195,869,617,103,17,69,369,400,767,1130,1045,1018,1449,662,277,564,220,231,695,455,314,244,21772,10771,11001,746,511,235,25,25,0,902,458,444,0,0,0,668,341,327,3597,1953,1644,3064,1619,1445,961,469,26255,21126,164355.0,243705.0,7.377929075822369
17,1935,33619,Tampa,{D57AD0FC-53D7-43C4-A877-3E21BE89AEE4},5.265301646,3.830177458,33619,4236,39881,13777,199,1019,13161,14502,26,10108,9372.035,63193.0,6899.413,23729.195,2.7945483848363817,,5.26530164556962,3.830177458366204,10,254192.54668141666,818850638.3054605,41396,9.521080767,2407,2949,2378,1521,928,446,525,2028,4455,4047,3342,2749,2465,2107,2434,869,948,587,878,1348,853,814,21293,1098,1531,1111,1050,664,208,322,1079,2416,2128,1919,1490,1187,1130,1028,302,480,281,443,602,279,388,157,20103,1309,1418,1267,471,264,238,203,949,2039,1919,1423,1259,1278,977,1406,567,468,306,435,746,574,426,161,13006,7134,5872,11396,5293,6103,193,81,112,1669,683,986,41,0,41,4186,2282,1904,10905,5820,5085,15608,8430,7178,5731,4597,28865,33198,66134.0,78710.0,8.255478578917838
18,1936,33556,Odessa,{AC44FAE2-A978-48BC-87D5-5F26CA69B53B},4.032977342,3.911555166,33556,4326,30547,22812,68,1816,1180,4467,29,21684,16678.662,151034.0,1160.786,20008.285,2.6249892583999315,,4.032977341772152,3.911555166405146,53,206618.7287853356,1264264965.939449,35755,8.223650662,2747,2236,2782,1627,596,128,287,994,1483,2303,2656,2345,2725,2604,2631,930,1690,789,875,1592,799,621,17698,1359,1393,1229,736,266,62,176,523,775,983,1310,1037,1348,1565,1304,487,814,425,321,722,534,219,110,18057,1388,843,1553,891,330,66,111,471,708,1320,1346,1308,1377,1039,1327,443,876,364,554,870,265,402,205,25952,12902,13050,1540,720,820,40,40,0,2095,872,1223,0,0,0,631,302,329,5497,2862,2635,6842,3411,3431,1312,1184,33211,27330,149722.0,194134.0,9.39215588184217
19,1937,33596,Valrico,{20B9F771-706F-4A9E-8E19-CAE361934A0C},3.715192405,4.100532288,33596,4535,28140,20002,118,1070,2115,4369,17,18881,13676.039999999999,112305.0,1350.72,17024.7,2.804464819613315,,3.715192405063291,4.100532288406689,18,131526.92252458853,325165088.0711828,27757,6.384110514,1186,1211,1941,1462,450,275,236,631,1007,1349,1851,2066,1875,1828,2631,1475,1648,554,1148,1500,715,379,13654,410,724,1049,854,290,101,106,278,454,766,928,972,1012,952,1259,778,692,245,483,742,293,187,79,14103,776,487,892,608,160,174,130,353,553,583,923,1094,863,876,1372,697,956,309,665,758,422,192,260,19863,10061,9802,2100,807,1293,16,5,11,706,322,384,0,0,0,551,274,277,4521,2185,2336,5004,2505,2499,1612,874,25217,22985,116465.0,136004.0,7.126413432131986
20,1939,33810,Lakeland,{B0C9956A-06F9-4D5A-9647-4B20D9ABC5DF},1.985264684,10.57006008,33810,11690,52037,33931,289,1457,6563,10695,32,31305,10615.547999999999,69738.0,5672.033,28464.239,2.687306341664945,,1.9852646835443035,10.570060077502578,5,194767.4790585629,1419984941.719437,55137,12.68151102,2846,3693,3646,2267,901,783,778,2540,2994,2762,3848,2811,3824,3293,3553,1079,1741,1548,1966,3067,2150,1447,27675,1232,1946,2066,1022,529,448,549,1153,1432,1490,1872,1304,1952,1799,1885,489,949,762,1065,1280,846,724,881,27462,1614,1747,1580,1245,372,335,229,1387,1562,1272,1976,1507,1872,1494,1668,590,792,786,901,1787,1304,723,719,35043,17473,17570,6103,2899,3204,258,187,71,1246,585,661,29,15,14,4928,2492,2436,7530,4024,3506,13647,6602,7045,6969,4985,42810,44172,69986.0,92317.0,12.193225960886627
21,1940,33578,Riverview,{3AA97CB3-9466-4112-AC7A-B9200F592BD4},7.770217975,4.86367435,33578,5379,58854,27308,237,2539,13092,17019,60,23629,21599.417999999998,80223.0,6885.918000000001,34517.496,2.4720262096774195,,7.770217974683544,4.863674350460768,3,263492.51946165494,638398422.75328,60651,13.94973112,4364,3763,4133,2583,1087,754,697,2290,5600,5570,5377,4578,3767,3839,3277,1199,1650,886,1577,1401,1298,400,28328,2384,1901,2481,1220,687,433,156,869,2515,2313,2756,2224,1592,1714,1165,509,709,366,559,708,564,252,251,32323,1980,1862,1652,1363,400,321,541,1421,3085,3257,2621,2354,2175,2125,2112,690,941,520,1018,693,734,148,310,27904,13468,14436,13906,5798,8108,67,0,67,2612,1380,1232,0,0,0,4210,1801,2409,11952,5881,6071,17220,7936,9284,5843,4536,50166,47300,85921.0,100835.0,14.045477817982146
22,1941,33609,Tampa,{6C30A488-0532-4BD6-A5B6-1BB77E989D32},2.363517215,2.718015449,33609,3006,17902,12476,103,939,844,4060,9,11359,11242.456,105083.0,1664.886,12083.85,2.142156276175661,,2.3635172151898733,2.718015448500663,37,115254.87642563741,119214305.65649593,18535,4.263050343,1027,982,765,543,321,115,174,845,1835,1505,1340,1566,1448,1114,1013,357,484,441,377,719,891,216,9207,329,590,286,299,229,74,61,452,741,748,641,899,760,776,474,174,290,189,278,252,335,106,224,9328,698,392,479,244,92,41,113,393,1094,757,699,667,688,338,539,183,194,252,99,467,556,110,233,13440,6639,6801,690,329,361,0,0,0,1080,513,567,0,0,0,334,169,165,2991,1557,1434,4511,2179,2332,1586,819,16111,15595,115844.0,185469.0,4.560100775648844
23,1942,33534,Gibsonton,{50EBD6A5-106C-45FD-965D-8255EC1D7649},2.370118481,1.266779655,33534,1401,17952,7691,103,378,3950,6628,20,6367,3321.12,73600.0,3626.304,11417.472,3.1280710925248303,,2.370118481012658,1.2667796551395305,16,159264.50726320755,423402478.13435453,17740,4.080200329,1050,1267,1938,852,337,141,337,683,815,1582,1602,1682,1259,968,761,348,659,255,390,393,135,165,8813,579,487,951,427,181,103,106,303,393,846,729,977,682,412,381,83,387,152,201,281,37,81,34,8927,471,780,987,425,156,38,231,380,422,736,873,705,577,556,380,265,272,103,189,112,98,84,87,7169,3461,3708,3125,1501,1624,24,0,24,236,132,104,0,0,0,2124,1289,835,5062,2430,2632,7333,3818,3515,3185,1405,13138,13300,80484.0,87770.0,3.6865930366950117
24,1944,33613,Tampa,{DD027A98-34DD-4A82-9ABA-343FB68739B2},5.122714304,3.929639102,33613,4346,38801,16624,303,2481,8531,12263,58,14189,11368.693,44642.0,11097.086,23707.411,2.443849593751968,,5.122714303797468,3.929639101524911,27,141339.16098130765,209001531.46476182,37591,8.645930696,1639,1753,1655,878,1417,1684,2024,3469,3605,3251,2623,1827,1912,1445,1876,1057,1022,443,850,953,646,563,18867,826,1087,839,482,763,593,1085,1953,1676,1734,1429,1008,805,761,817,498,541,190,312,523,340,218,387,18724,813,666,816,396,654,1091,939,1516,1929,1517,1194,819,1107,684,1059,559,481,253,538,430,306,345,612,15298,7921,7377,7740,3542,4198,551,416,135,1634,822,812,0,0,0,3733,2106,1627,8635,4060,4575,13490,7410,6080,11275,3829,21362,32230,44032.0,71556.0,6.2050604918433985
25,1945,33594,Valrico,{4F82059E-AF87-4D64-A3F0-9E3A74EE25CE},4.660361646,5.927009736,33594,6555,35299,21565,156,1848,3984,8458,15,19562,11507.474,91969.0,3106.312,22414.865,2.673761551280109,,4.66036164556962,5.927009735502943,54,144923.03480509025,244983732.26004344,37361,8.593030692,1934,1919,2372,1594,1010,299,389,1480,2085,2066,1908,2652,2279,3379,3142,735,1560,770,1480,1827,1259,638,17556,684,872,1103,833,591,168,304,801,1165,880,1049,1240,928,1642,1494,440,821,258,558,747,529,207,242,19805,1250,1047,1269,761,419,131,85,679,920,1186,859,1412,1351,1737,1648,295,739,512,922,1080,730,431,342,19665,9103,10562,5428,2182,3246,147,48,99,2240,1271,969,0,0,0,2280,900,1380,7601,4052,3549,10020,4919,5101,3693,2173,31430,30560,96628.0,116892.0,8.81006900185068
26,1946,33572,Apollo Beach,{CC3A231B-EAD0-46CD-9D2B-691052CD7007},2.956706962,4.239778589,33572,4689,22395,16466,72,711,1586,3423,22,15646,10189.725,113775.0,985.38,13526.58,2.3168839230291742,,2.9567069620253164,4.239778588828879,50,147642.19201195924,471171464.9064262,26495,6.093850491,1367,1832,1607,1128,628,76,257,251,793,1521,1946,2133,1829,1997,2036,690,1218,727,1052,1589,887,417,13419,880,1102,704,665,338,58,34,151,275,881,801,1020,876,933,1118,464,562,344,538,832,371,146,326,13076,487,730,903,463,290,18,223,100,518,640,1145,1113,953,1064,918,226,656,383,514,757,516,271,188,17246,8555,8691,4005,2128,1877,53,32,21,607,183,424,30,0,30,638,352,286,3916,2169,1747,4384,2472,1912,930,1022,24519,21269,122130.0,157076.0,6.861047112626758
27,1949,33605,Tampa,{A46ABE56-3870-4241-B954-900D65ED3C65},2.408537848,2.086886113,33605,2308,18243,4386,89,121,9648,4734,14,3291,3831.0299999999997,36790.0,5071.554,9960.678,2.448396188431083,,2.4085378481012656,2.0868861128208684,44,141460.60123966043,238493416.36431006,16030,3.686900297,963,610,718,551,257,194,179,778,1437,1398,846,1509,773,1019,1357,472,506,469,456,653,368,246,8584,584,353,402,319,124,127,162,352,661,725,501,939,358,644,562,321,240,224,242,273,204,153,114,7446,379,257,316,232,133,67,17,426,776,673,345,570,415,375,795,151,266,245,214,380,164,93,157,3674,1851,1823,7577,3791,3786,81,52,29,272,250,22,0,0,0,1120,533,587,3306,2107,1199,4513,2705,1808,4214,2647,8951,13495,36975.0,60155.0,2.533968959798825
28,1950,33647,Tampa,{F5E6124E-0E0E-4907-A599-C57A7E3C65CB},9.170082405,6.549097104,33647,7243,69457,32405,211,13058,10884,12500,39,29677,41813.114,104775.0,5764.9310000000005,46883.475000000006,2.589263746505126,,9.17008240506329,6.549097103622856,1,181150.70968865286,931371339.2431114,74844,17.21412139,4989,5109,5707,2824,1277,921,1418,2936,4786,5358,6227,5670,5552,5068,5029,1358,2165,1188,1543,2314,1709,1075,37000,2570,2420,2864,1319,660,763,647,1472,2211,2172,2912,3116,2929,2231,2677,831,1042,534,768,1234,690,628,310,37844,2419,2689,2843,1505,617,158,771,1464,2575,3186,3315,2554,2623,2837,2352,527,1123,654,775,1080,1019,447,311,33185,16980,16205,11949,5464,6485,95,23,72,12082,5853,6229,59,59,0,3772,1736,2036,13702,6885,6817,16957,8043,8914,6463,2561,65443,58156,109285.0,139791.0,18.40991809476074
29,1951,33635,Tampa,{7BAC360D-BCC6-42AB-A498-9554E2BF26E0},2.479435443,2.350911566,33635,2600,18780,9942,70,1747,1304,6628,12,8261,7474.4400000000005,83843.0,1859.22,12657.720000000001,2.497008376545672,,2.479435443037975,2.3509115655694357,32,75530.44789645616,192531869.91408563,19134,4.400820354,520,946,1054,705,492,176,141,543,1623,1535,1364,1842,1715,1584,921,737,764,533,475,851,476,72,9537,309,341,680,441,214,64,15,317,750,780,551,998,894,863,400,472,245,226,308,507,98,32,32,9597,211,605,374,264,278,112,126,226,873,755,813,844,821,721,521,265,519,307,167,344,378,40,33,10587,5373,5214,1166,471,695,45,45,0,1517,842,675,46,24,22,795,336,459,4978,2446,2532,6874,3381,3493,1485,1028,16543,16380,86894.0,108853.0,4.641335341001773
30,1952,33510,Brandon,{34A1040A-8732-451C-AE57-B3E30FEA4810},3.967228734,4.252437343,33510,4703,30049,15815,120,1207,5225,8809,46,13654,7752.642,71057.0,3756.125,19021.017,2.6505248302019933,,3.967228734177215,4.252437343412714,45,98752.586872365,221514213.12339053,30578,7.032940567,1310,2230,2203,1060,503,199,358,1075,2552,2295,2661,2147,1493,1805,2130,748,1289,530,849,1480,919,372,14633,513,1233,749,559,260,122,144,655,1362,998,1326,1043,566,918,930,428,555,337,488,776,409,149,113,15945,797,997,1454,501,243,77,214,420,1190,1297,1335,1104,927,887,1200,320,734,193,361,704,510,223,257,14189,6604,7585,6207,3116,3091,141,105,36,1267,546,721,0,0,0,2906,1496,1410,5868,2766,3102,10402,4882,5520,3656,2870,23654,24472,74245.0,99478.0,6.67873855863869
31,1954,33592,Thonotosassa,{42174DA2-47D3-487B-B772-3B9EA7BD01E5},0.15645,1.926843287,33592,2131,11885,7735,105,356,1725,1980,7,7186,3030.675,65683.0,1949.14,6239.625,2.7801169590643275,,0.15645,1.926843287010949,46,272173.2929069812,1707469325.859918,12333,2.836590228,703,387,749,520,173,88,177,361,695,1109,817,865,599,815,987,276,612,441,405,691,266,410,6497,411,148,267,407,126,41,123,126,399,828,418,466,293,413,584,131,261,156,203,367,106,132,91,5836,292,239,482,113,47,47,54,235,296,281,399,399,306,402,403,145,351,285,202,324,160,278,96,7656,4007,3649,1583,770,813,9,9,0,493,177,316,57,26,31,864,523,341,1671,985,686,2855,1741,1114,1803,1132,9301,10359,68802.0,94540.0,2.6235127691553117
32,1955,33626,Tampa,{13DBE9CB-7BCF-4DCA-B0AF-84EE8CE700E7},4.208306962,3.590565318,33626,3971,31875,20679,54,3964,1549,11,19372,1377,20463.75,123580.0,1593.75,20750.625,2.706316861946001,,4.208306962025317,3.590565318029319,31,98078.87731360126,370802258.60116816,30575,7.032250566,1842,1760,1915,1302,634,221,211,1054,1270,2116,2204,2906,2349,2409,2187,674,882,730,1021,1158,692,535,15154,1023,1039,972,753,366,86,86,448,710,970,992,1454,1174,1096,1254,259,321,334,657,497,298,203,162,15421,819,721,943,549,268,135,125,606,560,1146,1212,1452,1175,1313,933,415,561,396,364,661,394,332,341,19574,10040,9534,822,339,483,24,18,6,3073,1567,1506,14,0,14,1712,665,1047,5356,2525,2831,6492,3157,3335,1522,955,28071,24629,127118.0,170897.0,7.943191768017212
33,1957,33616,Tampa,{21B48EE0-4FE0-40AD-8474-AA8EFE00C297},1.954238734,1.580535929,33616,1748,14802,8863,89,771,1961,3060,43,7995,6971.741999999999,88971.0,1509.8039999999999,9917.34,2.281442663378545,,1.954238734177215,1.5805359294674515,40,80498.73783610089,111882188.2348771,15830,3.640900293,1137,1238,679,472,200,89,129,621,1910,1348,1635,1042,888,892,961,338,607,163,161,497,403,259,7749,616,542,287,282,148,60,30,263,968,778,714,536,334,532,499,157,337,106,75,184,160,90,51,8081,521,696,392,190,52,29,99,358,942,570,921,506,554,360,462,181,270,57,86,313,243,169,110,9937,4783,5154,2004,948,1056,0,0,0,573,228,345,146,46,100,689,393,296,2481,1351,1130,2625,1346,1279,1986,777,13050,12650,93210.0,125946.0,3.6652397544000026
34,1958,33621,Tampa,{17D01256-14E7-46BB-A9AD-0627050BF414},0.247943544,0.0,33621,0,1878,1268,16,50,234,293,8,1153,912.708,117880.0,0.0,409.404,3.83265306122449,,0.24794354430379745,0.0,41,74471.2413517545,244995340.363692,2393,0.550390044,311,365,226,61,110,65,124,182,143,276,224,100,0,127,68,11,0,0,0,0,0,0,1216,89,240,106,31,92,54,31,141,103,106,100,67,0,44,12,0,0,0,0,0,0,0,0,1177,222,125,120,30,18,11,93,41,40,170,124,33,0,83,56,11,0,0,0,0,0,0,0,1490,821,669,459,190,269,0,0,0,4,4,0,44,3,41,28,0,28,368,198,170,399,202,197,51,320,1633,1457,107188.0,136998.0,0.4607529804011124
35,1959,33625,Tampa,{834604B9-CEC7-4673-80F7-3695B4E37896},3.789654684,4.18371839,33625,4627,28704,14565,69,2013,2217,11601,23,11764,11022.336,83907.0,3214.848,9001.17,1.2656412930135559,,3.7896546835443035,4.183718389957607,30,94676.45937481998,259631300.10737854,29967,6.892410555,1365,1375,1366,1303,937,154,353,951,1914,2374,2457,2114,1815,1904,2573,1442,944,678,794,1394,842,399,13899,433,682,782,658,223,97,122,522,960,1388,1037,1121,949,838,1171,685,391,337,344,417,423,155,164,16068,932,693,584,645,714,57,231,429,954,986,1420,993,866,1066,1402,757,553,341,450,977,419,244,355,14123,6744,7379,2896,1499,1397,48,9,39,1938,892,1046,0,0,0,2273,875,1398,8689,3880,4809,12966,5892,7074,2998,2272,24279,25543,93133.0,107066.0,6.8625516618427245
36,1961,33547,Lithia,{9BFB0885-5E21-47C9-ACBF-887EB6487D83},4.084203165,2.890717029,33547,3197,30935,22435,67,1585,1197,5177,17,21328,14199.165,121769.0,2320.125,19117.829999999998,3.2321596489395046,,4.084203164556962,2.8907170288944175,49,432676.58007788245,4501664233.647465,31431,7.229130582,1969,2821,3398,1639,653,235,382,547,1188,1901,2039,2769,2673,2860,1626,421,848,437,683,1111,694,264,15442,1051,1399,1824,901,387,132,173,295,624,840,908,1416,954,1620,883,119,482,275,265,505,226,126,37,15989,918,1422,1574,738,266,103,209,252,564,1061,1131,1353,1719,1240,743,302,366,162,418,606,468,138,236,22779,11341,11438,1646,432,1214,86,80,6,1472,764,708,0,0,0,2128,1107,1021,3320,1718,1602,4588,2524,2064,2654,1933,26844,22641,123258.0,160924.0,7.585989642955044
37,1962,33615,Tampa,{19B35E8B-29CD-4F73-B314-D2CEA1877904},6.262488861,5.580702378,33615,6172,47434,19906,182,1959,3635,25695,49,14642,14135.331999999999,66257.0,6545.892000000001,31875.648,2.5122610031248347,,6.262488860759494,5.580702377959446,6,108189.45563377929,317009661.82084465,47245,10.86635088,2628,1965,2249,1807,1090,250,707,1396,4126,3529,3501,3598,4257,3783,2789,1409,1306,865,990,1763,1524,1146,22439,1075,1049,1362,1032,592,86,390,696,1567,2127,1204,1888,2244,1528,1427,661,545,230,477,781,714,546,218,24806,1553,916,887,775,498,164,317,700,2559,1402,2297,1710,2013,2255,1362,748,761,635,513,982,810,600,349,17572,8117,9455,2506,1190,1316,79,26,53,1436,677,759,20,0,20,5403,2578,2825,20229,9851,10378,27457,13346,14111,5995,4349,36413,39779,69274.0,97970.0,10.247254836477403
38,1963,33637,Tampa,{09CFE7B0-1ED6-4DCE-8F47-924B1DE9F7DB},2.385697468,2.029921717,33637,2245,18070,7753,73,1356,4983,4175,19,6795,6414.849999999999,60526.0,3288.74,12450.23,2.3406735751295336,,2.3856974683544303,2.0299217171936093,25,90651.22607319437,224972729.7623516,17658,4.061340327,708,1303,948,503,224,231,334,785,2245,1705,1313,1345,867,1089,954,270,561,412,422,447,618,250,8302,227,718,442,320,108,68,171,170,1279,898,751,600,396,401,539,202,383,29,171,106,282,18,23,9356,481,585,506,183,116,163,163,615,966,807,562,745,471,688,415,68,178,383,251,341,336,232,101,7353,3636,3717,3558,1769,1789,0,0,0,1497,739,758,0,0,0,1859,628,1231,3391,1530,1861,6154,2665,3489,2274,2254,13130,14535,63323.0,81286.0,3.7386257851200213
39,1965,33511,Brandon,{0015C994-AC0D-4CC3-8F6D-E50FAD9B4AC0},7.476197595,8.022937816,33511,8873,56627,30053,238,3093,9686,14756,45,26626,19876.076999999997,77383.0,7474.764,34032.827,2.4962309896407318,,7.476197594936709,8.022937815883694,2,156604.19547253597,452690292.06624377,62138,14.29174115,3590,4112,3808,2428,1573,585,961,2249,4215,5519,4127,3659,3941,4186,3629,1993,1876,1167,2095,2420,1399,1123,29065,1763,1882,1734,1357,706,332,426,999,2116,2531,2114,1670,2043,1729,1456,1033,824,675,1058,1043,721,401,452,33073,1827,2230,2074,1071,867,253,535,1250,2099,2988,2013,1989,1898,2457,2173,960,1052,492,1037,1377,678,722,1031,31990,15557,16433,9948,4797,5151,136,78,58,2265,969,1296,108,43,65,4742,1969,2773,12949,5652,7297,18655,8164,10491,8116,3290,49942,50132,81301.0,109432.0,14.168286942246958
40,1966,33614,Tampa,{BD216567-1DC9-438E-A68B-36D5A67B9420},6.296947468,6.370066146,33614,7045,47695,16761,252,1982,4385,31600,22,9024,11017.545,51143.0,7869.675,29332.425,2.641211651345664,,6.29694746835443,6.370066145937183,9,99146.88538367898,272184941.6895375,47298,10.87854088,2213,1736,2014,1554,822,685,676,1892,3684,3964,4431,3019,3091,3214,3560,1680,1900,804,1328,1508,1470,957,24627,1210,800,1195,788,418,232,522,961,2296,2238,2310,1401,1443,1717,1879,803,988,418,659,711,695,434,509,22671,1003,936,819,766,404,453,154,931,1388,1726,2121,1618,1648,1497,1681,877,912,386,669,797,775,523,587,12624,7001,5623,3943,2199,1744,127,40,87,2548,1217,1331,0,0,0,6254,3363,2891,21802,10807,10995,33004,17145,15859,8211,6832,31611,40919,50232.0,64515.0,8.969745143012611
41,1967,33549,Lutz,{1D66BD95-3409-4F21-9CAE-AE1B22382A1D},2.352163038,3.746991357,33549,4144,17816,12591,58,463,1064,3846,10,11581,7072.952,85066.0,1692.52,10422.359999999999,2.4631549841006497,,2.3521630379746834,3.7469913568152857,51,164134.84442183195,366446467.2600182,18178,4.180940337,972,1254,792,755,192,91,76,550,696,1293,1092,1457,1204,1337,914,403,769,757,900,1063,853,392,9133,688,686,390,458,87,52,33,223,287,691,752,689,597,475,503,170,265,333,566,507,364,226,91,9045,284,568,402,297,105,39,43,327,409,602,340,768,607,862,411,233,504,424,334,556,489,166,275,11610,5784,5826,1452,706,746,8,8,0,541,234,307,0,0,0,1478,843,635,3089,1558,1531,4855,2512,2343,1819,1042,15180,14922,89343.0,118183.0,4.290534750796883
42,1969,33603,Tampa,{CD19FF15-C2E9-478A-9D29-51287B056FE0},2.517722785,2.219803036,33603,2455,19070,9537,102,215,4126,6445,20,7608,7418.2300000000005,64632.0,3070.27,13272.72,2.189688827649558,,2.5177227848101267,2.2198030359511405,34,64835.67246982121,117746586.29680604,19869,4.569870368,835,588,844,842,307,147,100,762,1923,2038,1975,1601,1392,1319,1457,556,693,335,436,635,655,152,10518,584,381,283,455,192,77,33,296,1143,973,1008,867,919,790,623,307,429,181,199,351,268,51,108,9351,251,207,561,387,115,70,67,466,780,1065,967,734,473,529,834,249,264,154,237,284,387,101,169,10489,5579,4910,2995,1494,1501,3,0,3,255,122,133,0,0,0,816,354,462,5311,2969,2342,6566,3506,3060,2732,1815,15271,17395,74081.0,116071.0,4.311289334480758
43,1926,33598,Wimauma,{2DF228A3-9573-4431-8388-ECEC2587CA79},3.244126076,4.72714064,33598,5228,24572,11684,429,507,3495,10383,22,9502,7003.0199999999995,91649.0,3440.0800000000004,13440.884000000002,2.646133965108766,,3.2441260759493673,4.727140640306543,13,334168.331663115,2364608588.744357,32820,7.548600608,2193,3109,3057,1173,479,188,228,1353,2265,2682,3075,1975,1230,1617,1416,471,1007,499,1277,1582,1313,313,16324,1344,1100,1747,605,223,73,215,833,1251,1498,1116,1182,662,961,657,269,273,170,567,735,441,228,174,16496,849,2009,1310,568,256,115,13,520,1014,1184,1959,793,568,656,759,202,734,329,710,847,872,85,144,15392,7271,8121,5269,2824,2445,414,281,133,907,640,267,0,0,0,5863,2996,2867,4975,2312,2663,12490,6604,5886,4381,2745,25540,24189,97520.0,113992.0,7.220532275038832
44,1972,33620,Tampa,{E5ECA001-7CE6-4C6E-A455-21CFC574828F},0.730760127,0.0,33620,0,5535,3118,8,459,683,984,8,3111,1793.3400000000001,,5535.0,1915.11,1383.75,,0.7307601265822785,0.0,26,21750.382369053215,26931156.500779696,7298,1.678540135,0,0,0,132,4862,1076,733,435,28,12,13,0,0,2,5,0,0,0,0,0,0,0,2827,0,0,0,112,1854,358,272,182,17,12,13,0,0,2,5,0,0,0,0,0,0,0,0,4471,0,0,0,20,3008,718,461,253,11,0,0,0,0,0,0,0,0,0,0,0,0,0,0,4364,1833,2531,931,294,637,0,0,0,404,151,253,92,21,71,155,65,90,1352,463,889,1186,356,830,36,0,1,7298,,,0.00028168523171827797
45,1973,33573,Sun City Center,{A6B45C25-A007-4390-9D2D-5A2EAB7B4ED7},4.081298608,15.55580099,33573,17204,30913,23381,74,576,3287,3659,17,22524,9088.421999999999,68431.0,2534.866,9088.421999999999,2.026949052521146,,4.0812986075949365,15.555800990021758,14,123036.12164272578,432395836.81569725,35362,8.133260655,1356,1205,1785,346,701,11,300,465,1627,1204,1829,1125,1694,784,1765,571,1347,1085,1900,4980,3624,2365,15608,707,977,654,119,124,11,94,292,932,329,1060,357,959,270,751,278,461,647,734,2012,1477,1024,1339,19754,649,228,1131,227,577,0,206,173,695,875,769,768,735,514,1014,293,886,438,1166,2968,2147,1341,1954,22955,9729,13226,5793,2789,3004,30,17,13,359,109,250,0,0,0,794,368,426,5431,2596,2835,4655,2264,2391,2991,1589,30235,30856,72834.0,102385.0,8.520864273212235
46,1974,33610,Tampa,{E29F4BE1-6D0F-4BCF-826B-0B20A40CA3C9},5.969920759,4.880854089,33610,5398,45218,10345,214,1396,23782,10559,26,8328,8410.548,49765.0,9450.562,26678.62,2.7459768020890265,,5.96992075949367,4.880854088824544,7,160333.69247721852,527864599.65885067,46587,10.71501086,3241,3793,3719,2071,1280,380,629,1864,3265,4049,3803,3095,2853,2552,2480,774,1410,561,1010,1551,1072,671,22655,1454,1872,2304,1228,688,250,305,989,1697,1518,1792,1462,1086,1510,990,481,641,230,469,671,373,366,279,23932,1787,1921,1415,843,592,130,324,875,1568,2531,2011,1633,1767,1042,1490,293,769,331,541,880,699,305,185,9303,4619,4684,23637,10864,12773,501,284,217,1893,1144,749,4,4,0,3879,2004,1875,7370,3736,3634,11465,5763,5702,9882,8191,27883,35027,54209.0,66769.0,7.976123791471424
47,1976,33558,Lutz,{22C7B0EE-461A-4185-8491-656703649F63},3.607459747,3.888950248,33558,4301,27324,18554,69,2380,1330,5136,12,17149,15438.059999999998,107427.0,1420.848,17214.12,2.4442257804812595,,3.607459746835443,3.8889502475054396,52,137931.1031302295,564281051.4570012,33165,7.627950614,1811,2451,2555,1392,950,342,465,810,1558,1452,2485,2563,2417,2459,2159,1077,1259,582,1147,1645,793,450,16900,834,1236,1444,634,645,235,287,611,756,658,1280,1276,1445,1235,1080,483,536,233,472,751,360,231,178,16265,977,1215,1111,758,305,107,178,199,802,794,1205,1287,972,1224,1079,594,723,349,675,894,433,219,165,19829,10526,9303,1759,1149,610,24,0,24,3315,1564,1751,0,0,0,2469,1171,1298,5769,2490,3279,8275,3815,4460,1622,1577,29872,25866,116090.0,147391.0,8.414881964213944
48,1977,33570,Ruskin,{1035DFE7-BA53-4004-80FD-9EAF75F6B74B},4.402780253,4.675601425,33570,5171,33348,16833,232,521,5762,12359,39,13656,7469.952,69048.0,4068.456,20075.496,2.8371618172537008,,4.402780253164557,4.675601425215212,15,241147.4856492707,1328447909.165174,33319,7.663370617,2236,2719,2270,1265,811,341,440,924,1656,2775,2442,2224,1755,2402,1981,912,997,520,810,1788,969,663,16624,1199,1632,1085,544,535,239,211,406,620,1257,1160,909,1007,1458,923,416,509,286,369,664,535,371,289,16695,1037,1087,1185,721,276,102,229,518,1036,1518,1282,1315,748,944,1058,496,488,234,441,1124,434,292,130,15278,7693,7585,7472,3333,4139,21,0,21,857,534,323,0,0,0,3519,1901,1618,6172,3163,3009,10845,5629,5216,3870,3528,25910,25696,72172.0,87546.0,7.35457844440204
49,1978,33569,Riverview,{91AA40EB-889E-4B7D-9C5F-29E4F7C43332},3.705290506,3.262341896,33569,3608,28065,16651,149,1139,3908,6681,21,14955,10019.205,97500.0,3002.955,18017.73,2.851554562080878,,3.705290506329114,3.2623418956055863,17,201584.37352823745,404580717.0179203,27867,6.409410516,2047,1652,2002,708,583,162,216,718,1636,1934,1953,1853,1912,1806,2237,591,1155,717,1047,1178,930,448,14032,1347,808,748,391,421,115,142,422,909,940,1151,894,895,885,1054,326,615,255,506,441,356,332,79,13835,700,844,1254,317,162,47,74,296,727,994,802,959,1017,921,1183,265,540,462,541,737,574,116,303,16822,7844,8978,3734,2285,1449,9,1,8,1665,775,890,0,0,0,1808,1061,747,3829,2066,1763,5495,2969,2526,2536,1657,23608,21982,105275.0,121732.0,6.701141390095398
50,1979,33602,Tampa,{4236CB71-D5C9-4CEC-BF37-896C2DCA3ABF},2.632056709,2.010933585,33602,2224,19936,12166,65,937,3196,3830,11,11233,12121.088,88569.0,3887.52,13975.135999999999,1.8481505515898766,,2.6320567088607594,2.0109335853178556,43,63104.877758668124,78107898.45411164,21452,4.933960397,904,501,620,350,253,338,405,1364,4153,2276,1852,1454,1415,858,1219,509,407,243,409,911,449,364,11379,441,213,447,139,125,146,247,601,2198,1251,1189,890,775,566,577,298,239,129,113,426,230,81,58,10073,463,288,173,211,128,192,158,763,1955,1025,663,564,640,292,642,211,168,114,296,485,219,283,140,12704,7056,5648,2743,1349,1394,41,19,22,1176,609,567,51,0,51,1318,647,671,3419,1699,1720,4692,2148,2544,3931,1411,15805,19210,97320.0,134356.0,4.4221496101234425
51,1981,33579,Riverview,{199DC264-C84E-474A-9422-60A3DCA0E8BC},5.890573544,3.661092665,33579,4049,44617,20507,207,1952,10545,12012,50,17857,16240.588,113568.0,1740.063,30250.326,3.0857597344214676,,5.890573544303797,3.6610926649964024,11,211162.11444291554,719062694.0655222,49470,11.37810092,3476,4009,4134,2440,723,591,496,1311,2536,5265,4477,3776,4491,3402,2153,843,1019,803,882,1092,826,294,24295,1952,2022,2486,993,240,354,134,815,1043,2573,2036,1796,2288,1881,1052,350,510,319,269,448,426,189,119,25175,1524,1987,1648,1447,483,237,362,496,1493,2692,2441,1980,2203,1521,1101,493,509,484,613,644,400,105,312,21929,10827,11102,13054,5539,7515,24,10,14,2469,936,1533,0,0,0,2233,1153,1080,9761,5830,3931,12240,6526,5714,2555,3584,43213,37075,116134.0,127930.0,12.360792581628303
52,1983,33567,Plant City,{49A0F1CA-9CC7-460D-BE63-59686A9FB732},1.629852532,1.473840712,33567,1630,12345,6904,134,106,1223,4575,10,6019,2617.14,85737.0,1419.675,8011.905000000001,3.205660867307193,,1.6298525316455696,1.4738407122608386,20,238096.8822010441,1220538433.1688323,12562,2.889260233,600,731,842,743,375,152,123,590,752,588,716,1299,924,1071,890,168,402,236,307,487,224,164,5764,273,278,345,340,277,34,97,276,332,356,326,680,509,250,416,80,263,123,93,157,41,110,108,6798,327,453,497,403,98,118,26,314,420,232,390,619,415,821,474,88,139,113,214,330,183,54,70,7101,3396,3705,1846,465,1381,108,41,67,226,88,138,20,0,20,1890,928,962,1371,846,525,3962,2186,1776,1140,1210,10156,10140,85643.0,99700.0,2.874169861291059
53,1984,33566,Plant City,{D071C29E-BBE1-42D3-808D-5DA6171FF129},3.004764177,2.828327453,33566,3128,22759,14374,165,494,1598,7084,14,12773,5666.991,71161.0,3095.224,13769.195,2.8595300917200652,,3.0047641772151894,2.8283274527312288,21,271819.29440904944,736071787.484197,24521,5.639830454,1299,1535,1837,1080,936,377,312,523,1556,2032,1774,1507,1463,1367,1823,724,878,629,525,982,742,328,12337,500,749,951,566,566,209,167,218,973,967,781,847,792,720,921,372,530,230,266,339,305,244,124,12184,799,786,886,514,370,168,145,305,583,1065,993,660,671,647,902,352,348,399,259,643,437,84,168,14279,7258,7021,2164,1127,1037,120,79,41,681,348,333,0,0,0,3246,1528,1718,4031,1997,2034,8635,4311,4324,3385,1847,19045,19398,72393.0,100423.0,5.383696324852922
54,1985,33559,Lutz,{FF136CDC-C18A-4480-B8A1-5BA9D89012AA},2.201522152,1.991041257,33559,2202,16675,10007,68,967,1743,4007,17,9083,6336.5,78264.0,1867.6000000000001,11155.575,2.3699545196134166,,2.2015221518987342,1.9910412566861146,47,179163.17356578115,360169799.0404001,18831,4.331130349,785,824,1300,583,1126,426,491,1686,1388,1431,1101,858,1198,1490,765,376,785,544,313,783,313,95,9062,556,327,914,265,533,189,198,579,549,634,519,400,464,631,487,256,355,322,161,471,141,42,69,9769,229,497,386,318,593,237,293,1107,839,797,582,458,734,859,278,120,430,222,152,312,172,53,101,12428,5990,6438,1669,902,767,49,36,13,1222,694,528,6,0,6,616,312,304,2841,1128,1713,3789,1662,2127,2192,1114,14859,15690,80185.0,94364.0,4.185017422546045
